"Status","Start Time","Stop Time","Duration in ms","Parent Suite","Suite","Sub Suite","Test Class","Test Method","Name","Description"
"passed","Tue Oct 06 00:54:02 UTC 2026","Tue Oct 06 00:54:02 UTC 2026","583","Phoenix API Test Suite","Inwarranty flow Test","com.api.tests.DetailsAPITest","com.api.tests.DetailsAPITest","detailAPITest","Verify if details api is working properly","Verify if details api is working properly"
"passed","Tue Oct 06 00:54:01 UTC 2026","Tue Oct 06 00:54:02 UTC 2026","781","Phoenix API Test Suite","Inwarranty flow Test","com.api.tests.MasterAPITest","com.api.tests.MasterAPITest","masterAPITest","Verify if the master API is giving correct response","Verify if the master API is giving correct response"
"passed","Tue Oct 06 00:53:58 UTC 2026","Tue Oct 06 00:53:59 UTC 2026","1138","Phoenix API Test Suite","Inwarranty flow Test","com.api.tests.UserDetailsAPITest","com.api.tests.UserDetailsAPITest","userDetailsAPITest","Verify if the Userdetails API response is shown correctly","Verify if the Userdetails API response is shown correctly"
"passed","Tue Oct 06 00:53:54 UTC 2026","Tue Oct 06 00:53:58 UTC 2026","3923","Phoenix API Test Suite","Inwarranty flow Test","com.api.tests.LoginAPITest","com.api.tests.LoginAPITest","loginAPITest","Verifying if the login api is working for user FD user","Verify if the login api is working for FD user"
"passed","Tue Oct 06 00:53:59 UTC 2026","Tue Oct 06 00:54:00 UTC 2026","577","Phoenix API Test Suite","Inwarranty flow Test","com.api.tests.CountAPITest","com.api.tests.CountAPITest","countAPITest_MissingAuthToken","Verify if the count API is giving correct status code for invalid token",""
"passed","Tue Oct 06 00:54:02 UTC 2026","Tue Oct 06 00:54:03 UTC 2026","572","Phoenix API Test Suite","Inwarranty flow Test","com.api.tests.SearchAPITest","com.api.tests.SearchAPITest","searchAPITest","Verify if the search API is working properly","Verify if the search API is working properly"
"passed","Tue Oct 06 00:54:00 UTC 2026","Tue Oct 06 00:54:01 UTC 2026","503","Phoenix API Test Suite","Inwarranty flow Test","com.api.tests.MasterAPITest","com.api.tests.MasterAPITest","invalidTokenMasterAPITest","Verify if the master API is giving correct status code for invalid token",""
"failed","Tue Oct 06 00:54:03 UTC 2026","Tue Oct 06 00:54:03 UTC 2026","615","Phoenix API Test Suite","Inwarranty flow Test","com.api.tests.CreateJobAPITest","com.api.tests.CreateJobAPITest","createJobAPITest","Verify if the create job API is able to create Inwarranty job","Verify if the create job API is able to create Inwarranty job"
"passed","Tue Oct 06 00:54:00 UTC 2026","Tue Oct 06 00:54:00 UTC 2026","634","Phoenix API Test Suite","Inwarranty flow Test","com.api.tests.CountAPITest","com.api.tests.CountAPITest","verifyCountAPIResponse","Verify if the count API is giving correct response","Verify if the count API is giving correct response"
